{
	"camera_name": "Point_Grey_Grasshopper_50S5C",

	"ssf_bands": [ 400, 410, 420, 430, 440, 450, 460, 470, 480, 490, 500, 510, 520, 530, 540, 550, 560, 570, 580, 590, 600, 610, 620, 630, 640, 650, 660, 670, 680, 690, 700, 710, 720 ],

	"red_ssf": [ 0.000696, 0.001796, 0.038490, 0.032667, 0.022494, 0.018328, 0.013315, 0.009898, 0.008585, 0.010046, 0.012832, 0.012527, 0.016817, 0.024193, 0.032005, 0.042986, 0.029588, 0.028750, 0.024543, 0.047067, 0.247840, 0.512220, 0.567650, 0.530890, 0.472120, 0.476520, 0.439850, 0.439990, 0.388370, 0.358570, 0.149760, 0.022566, 0.005228 ],

	"green_ssf": [ 0.000350, 0.000951, 0.027529, 0.035843, 0.040188, 0.053272, 0.063300, 0.075669, 0.101310, 0.150710, 0.197930, 0.213250, 0.271900, 0.383350, 0.436690, 0.505910, 0.470890, 0.459740, 0.391710, 0.358600, 0.276350, 0.218870, 0.138220, 0.081378, 0.050058, 0.041537, 0.035448, 0.034529, 0.032905, 0.039650, 0.023110, 0.004469, 0.001238 ],

	"blue_ssf": [ 0.006000, 0.014903, 0.330480, 0.515900, 0.593000, 0.778560, 0.850930, 0.953480, 1.000000, 0.970000, 0.904550, 0.740810, 0.534260, 0.388960, 0.224310, 0.157490, 0.102070, 0.066248, 0.053148, 0.048638, 0.037498, 0.028947, 0.017555, 0.010178, 0.006669, 0.006457, 0.008592, 0.013675, 0.018137, 0.022108, 0.010653, 0.001960, 0.000737 ]

}
