{
	"camera_name": "Nikon_D80",

	"ssf_bands": [ 400, 410, 420, 430, 440, 450, 460, 470, 480, 490, 500, 510, 520, 530, 540, 550, 560, 570, 580, 590, 600, 610, 620, 630, 640, 650, 660, 670, 680, 690, 700, 710, 720 ],

	"red_ssf": [ 0.000706, 0.004520, 0.030965, 0.029562, 0.023743, 0.020482, 0.016799, 0.019393, 0.022142, 0.020545, 0.021532, 0.029992, 0.053211, 0.064737, 0.029201, 0.016091, 0.019404, 0.077173, 0.465190, 0.767030, 0.686490, 0.381120, 0.486410, 0.407570, 0.321720, 0.246890, 0.133740, 0.054813, 0.016354, 0.003514, 0.000846, 0.000305, 0.000133 ],

	"green_ssf": [ 0.001333, 0.003832, 0.032529, 0.052289, 0.068017, 0.094502, 0.135750, 0.227760, 0.305710, 0.347550, 0.494280, 0.717770, 0.870040, 1.000000, 0.884650, 0.856310, 0.683000, 0.559130, 0.376910, 0.243880, 0.112960, 0.032638, 0.026543, 0.018608, 0.013406, 0.009817, 0.006414, 0.003648, 0.001793, 0.000602, 0.000224, 0.000113, 0.000068 ],

	"blue_ssf": [ 0.003556, 0.034702, 0.242760, 0.482380, 0.423430, 0.609140, 0.805010, 0.813280, 0.760220, 0.581830, 0.364840, 0.204470, 0.080773, 0.033215, 0.015199, 0.006407, 0.002212, 0.001205, 0.001035, 0.000424, 0.000857, 0.000625, 0.000352, 0.000302, 0.000741, 0.000429, 0.000359, 0.000231, 0.000109, 0.000049, 0.000029, 0.000014, 0.000015 ]

}
