{
	"camera_name": "Hasselblad_H2",

	"ssf_bands": [ 400, 410, 420, 430, 440, 450, 460, 470, 480, 490, 500, 510, 520, 530, 540, 550, 560, 570, 580, 590, 600, 610, 620, 630, 640, 650, 660, 670, 680, 690, 700, 710, 720 ],

	"red_ssf": [ 0.011502, 0.010943, 0.009814, 0.008881, 0.009348, 0.010582, 0.014842, 0.023967, 0.028472, 0.029149, 0.037155, 0.044464, 0.050044, 0.058435, 0.064967, 0.069375, 0.059423, 0.063703, 0.107500, 0.303100, 0.469380, 0.517160, 0.350020, 0.323390, 0.233930, 0.160610, 0.107610, 0.076421, 0.047979, 0.026946, 0.017900, 0.011725, 0.007116 ],

	"green_ssf": [ 0.010796, 0.014396, 0.018709, 0.025698, 0.036083, 0.054893, 0.095247, 0.185540, 0.267700, 0.326000, 0.474500, 0.685860, 0.867270, 1.000000, 0.957900, 0.938680, 0.783280, 0.671550, 0.476000, 0.310970, 0.133910, 0.059444, 0.022136, 0.018125, 0.012011, 0.008557, 0.006527, 0.006095, 0.005276, 0.004191, 0.003890, 0.002988, 0.001873 ],

	"blue_ssf": [ 0.260100, 0.383000, 0.442320, 0.520190, 0.584060, 0.710920, 0.759570, 0.827430, 0.857600, 0.806730, 0.702560, 0.560780, 0.384890, 0.251890, 0.149100, 0.090586, 0.053560, 0.042300, 0.031948, 0.026033, 0.018909, 0.015748, 0.010347, 0.010878, 0.008875, 0.007382, 0.005871, 0.004988, 0.003601, 0.002395, 0.001931, 0.001396, 0.000892 ]

}
