{
	"camera_name": "Phase_One",

	"ssf_bands": [ 400, 410, 420, 430, 440, 450, 460, 470, 480, 490, 500, 510, 520, 530, 540, 550, 560, 570, 580, 590, 600, 610, 620, 630, 640, 650, 660, 670, 680, 690, 700, 710, 720 ],

	"red_ssf": [ 0.010464, 0.015837, 0.022809, 0.029193, 0.032943, 0.042109, 0.048271, 0.054768, 0.055121, 0.048086, 0.037059, 0.037067, 0.052124, 0.064936, 0.076516, 0.134920, 0.293320, 0.630010, 0.769400, 0.818130, 0.653580, 0.521420, 0.379560, 0.283800, 0.189670, 0.130500, 0.078487, 0.042293, 0.023358, 0.012703, 0.006362, 0.003312, 0.001701 ],

	"green_ssf": [ 0.006417, 0.013114, 0.025186, 0.033325, 0.045721, 0.073911, 0.113690, 0.176920, 0.264130, 0.411860, 0.598600, 0.758790, 0.913590, 1.000000, 0.903990, 0.777510, 0.551290, 0.412990, 0.308320, 0.207570, 0.108150, 0.059445, 0.030895, 0.018277, 0.011240, 0.006851, 0.003471, 0.001810, 0.001035, 0.000602, 0.000347, 0.000231, 0.000157 ],

	"blue_ssf": [ 0.086173, 0.157910, 0.265740, 0.379780, 0.429880, 0.506370, 0.527890, 0.559290, 0.534940, 0.489960, 0.406120, 0.301990, 0.252740, 0.202970, 0.148680, 0.112940, 0.077274, 0.057152, 0.044852, 0.038781, 0.027546, 0.021149, 0.015703, 0.012548, 0.009443, 0.007636, 0.005453, 0.003303, 0.002018, 0.001276, 0.000783, 0.000524, 0.000310 ]

}
