{
	"camera_name": "Pentax_Q",

	"ssf_bands": [ 400, 410, 420, 430, 440, 450, 460, 470, 480, 490, 500, 510, 520, 530, 540, 550, 560, 570, 580, 590, 600, 610, 620, 630, 640, 650, 660, 670, 680, 690, 700, 710, 720 ],

	"red_ssf": [ 0.002492, 0.019414, 0.040583, 0.035356, 0.026220, 0.021607, 0.021548, 0.031331, 0.049979, 0.059870, 0.074838, 0.090588, 0.130500, 0.138240, 0.102830, 0.093277, 0.097758, 0.143060, 0.555290, 0.872080, 0.905950, 0.907010, 0.783330, 0.798020, 0.735900, 0.733560, 0.358990, 0.078863, 0.016321, 0.003320, 0.002000, 0.002538, 0.001657 ],

	"green_ssf": [ 0.002931, 0.016955, 0.035993, 0.034338, 0.043320, 0.043915, 0.060121, 0.213110, 0.588840, 0.807760, 0.931880, 0.934490, 1.000000, 0.986310, 0.904670, 0.868270, 0.789790, 0.728730, 0.615370, 0.576560, 0.439590, 0.318210, 0.217310, 0.196660, 0.169930, 0.162090, 0.081103, 0.021748, 0.005804, 0.001487, 0.001071, 0.001411, 0.000904 ],

	"blue_ssf": [ 0.013803, 0.169950, 0.536540, 0.648310, 0.636450, 0.685010, 0.683500, 0.690900, 0.650120, 0.546910, 0.440260, 0.307070, 0.230160, 0.178500, 0.138900, 0.111610, 0.091379, 0.084556, 0.080833, 0.082967, 0.071655, 0.061439, 0.049560, 0.053584, 0.057052, 0.068018, 0.038626, 0.010469, 0.002605, 0.000628, 0.000430, 0.000554, 0.000351 ]

}
