{
	"camera_name": "Nikon_D700",

	"ssf_bands": [ 400, 410, 420, 430, 440, 450, 460, 470, 480, 490, 500, 510, 520, 530, 540, 550, 560, 570, 580, 590, 600, 610, 620, 630, 640, 650, 660, 670, 680, 690, 700, 710, 720 ],

	"red_ssf": [ 0.001778, 0.002745, 0.048766, 0.055650, 0.039817, 0.031348, 0.026632, 0.028110, 0.032437, 0.029863, 0.031673, 0.038347, 0.062150, 0.075373, 0.039432, 0.021926, 0.025260, 0.095391, 0.494610, 0.743720, 0.711720, 0.617520, 0.512360, 0.411280, 0.319800, 0.242360, 0.165470, 0.082116, 0.026280, 0.007394, 0.002857, 0.001117, 0.000471 ],

	"green_ssf": [ 0.001433, 0.001874, 0.023080, 0.043356, 0.059914, 0.082364, 0.133560, 0.244980, 0.359610, 0.409370, 0.576990, 0.766190, 0.900610, 1.000000, 0.954950, 0.887280, 0.747140, 0.624900, 0.451150, 0.286900, 0.144890, 0.065037, 0.031947, 0.019449, 0.012242, 0.008143, 0.005936, 0.004227, 0.002056, 0.000881, 0.000480, 0.000238, 0.000118 ],

	"blue_ssf": [ 0.005916, 0.014395, 0.374550, 0.652710, 0.753090, 0.902180, 0.911670, 0.867870, 0.815770, 0.644030, 0.460410, 0.277860, 0.130720, 0.064085, 0.031748, 0.015075, 0.007431, 0.005366, 0.004116, 0.002657, 0.001269, 0.000757, 0.000506, 0.000332, 0.000305, 0.000392, 0.000235, 0.000188, 0.000080, 0.000046, 0.000035, 0.000028, 0.000025 ]

}
