{
	"camera_name": "Point_Grey_Grasshopper2_14S5C",

	"ssf_bands": [ 400, 410, 420, 430, 440, 450, 460, 470, 480, 490, 500, 510, 520, 530, 540, 550, 560, 570, 580, 590, 600, 610, 620, 630, 640, 650, 660, 670, 680, 690, 700, 710, 720 ],

	"red_ssf": [ 0.019018, 0.014402, 0.009850, 0.007959, 0.006425, 0.004111, 0.003689, 0.004587, 0.006373, 0.004145, 0.005953, 0.012529, 0.031461, 0.052841, 0.029951, 0.013065, 0.014721, 0.061239, 0.311810, 0.573650, 0.606730, 0.605050, 0.560970, 0.590120, 0.526960, 0.531720, 0.462700, 0.307190, 0.106160, 0.045747, 0.021471, 0.007836, 0.007836 ],

	"green_ssf": [ 0.017470, 0.023179, 0.028369, 0.040462, 0.050979, 0.065752, 0.090673, 0.142000, 0.201500, 0.219780, 0.278360, 0.393340, 0.462310, 0.548950, 0.533460, 0.529560, 0.456860, 0.400600, 0.311360, 0.230030, 0.124630, 0.052939, 0.020602, 0.011267, 0.006500, 0.003793, 0.004028, 0.006278, 0.004780, 0.003620, 0.002521, 0.001150, 0.001150 ],

	"blue_ssf": [ 0.224320, 0.398090, 0.487490, 0.678840, 0.789200, 0.930210, 0.997080, 1.000000, 0.990810, 0.870840, 0.709400, 0.539400, 0.299090, 0.153040, 0.061858, 0.015181, 0.000000, 0.000000, 0.000000, 0.000000, 0.000014, 0.000032, 0.000266, 0.000630, 0.000654, 0.001777, 0.002267, 0.002100, 0.000749, 0.000325, 0.000205, 0.000063, 0.000063 ]

}
