{
	"camera_name": "Nokia_N900",

	"ssf_bands": [ 400, 410, 420, 430, 440, 450, 460, 470, 480, 490, 500, 510, 520, 530, 540, 550, 560, 570, 580, 590, 600, 610, 620, 630, 640, 650, 660, 670, 680, 690, 700, 710, 720 ],

	"red_ssf": [ 0.002340, 0.001859, 0.002161, 0.001878, 0.002048, 0.002045, 0.003090, 0.007949, 0.015542, 0.024933, 0.045539, 0.074702, 0.118640, 0.161290, 0.162910, 0.163860, 0.154110, 0.149020, 0.425720, 0.957230, 1.000000, 0.700570, 0.909760, 0.939540, 0.778780, 0.402900, 0.122570, 0.061958, 0.023989, 0.009914, 0.007688, 0.004022, 0.001297 ],

	"green_ssf": [ 0.014258, 0.015720, 0.021887, 0.023455, 0.033772, 0.041642, 0.070455, 0.165390, 0.288490, 0.360370, 0.515510, 0.673200, 0.861910, 0.925220, 0.879360, 0.850650, 0.766610, 0.673180, 0.545260, 0.446730, 0.291530, 0.305350, 0.160100, 0.133530, 0.112010, 0.059331, 0.019223, 0.010816, 0.005343, 0.002858, 0.002601, 0.001428, 0.000518 ],

	"blue_ssf": [ 0.255520, 0.312930, 0.450690, 0.494070, 0.538040, 0.565150, 0.606090, 0.588960, 0.514640, 0.454360, 0.355090, 0.262970, 0.219110, 0.216380, 0.198420, 0.178930, 0.156760, 0.147590, 0.137210, 0.133430, 0.103820, 0.097638, 0.075487, 0.077247, 0.072765, 0.042964, 0.014430, 0.008290, 0.003730, 0.001572, 0.001448, 0.000872, 0.000373 ]

}
