{
	"camera_name": "Canon_60D",

	"ssf_bands": [ 400, 410, 420, 430, 440, 450, 460, 470, 480, 490, 500, 510, 520, 530, 540, 550, 560, 570, 580, 590, 600, 610, 620, 630, 640, 650, 660, 670, 680, 690, 700, 710, 720 ],

	"red_ssf": [ 0.003694, 0.005789, 0.011972, 0.006010, 0.003506, 0.003014, 0.003971, 0.006949, 0.016477, 0.024973, 0.033583, 0.052786, 0.063128, 0.080597, 0.099936, 0.158630, 0.199190, 0.292000, 0.444020, 0.547200, 0.518150, 0.510120, 0.402940, 0.353470, 0.276200, 0.234350, 0.172640, 0.131780, 0.054995, 0.009011, 0.002072, 0.000538, 0.000146 ],

	"green_ssf": [ 0.004016, 0.010547, 0.044575, 0.050839, 0.070745, 0.091766, 0.127860, 0.270330, 0.570340, 0.621030, 0.811230, 0.933340, 0.879250, 1.000000, 0.900320, 0.898210, 0.752410, 0.718610, 0.565570, 0.439870, 0.273290, 0.160990, 0.077993, 0.051902, 0.034045, 0.025987, 0.018665, 0.018169, 0.010452, 0.002445, 0.000711, 0.000218, 0.000083 ],

	"blue_ssf": [ 0.021702, 0.097758, 0.498980, 0.659170, 0.696250, 0.809490, 0.854470, 0.794600, 0.720310, 0.621000, 0.526680, 0.397330, 0.219160, 0.155690, 0.104950, 0.080773, 0.050105, 0.041103, 0.033563, 0.027940, 0.019429, 0.014083, 0.008888, 0.007996, 0.007504, 0.008546, 0.008251, 0.008116, 0.003858, 0.000747, 0.000202, 0.000075, 0.000050 ]

}
