{
	"camera_name": "Canon_500D",

	"ssf_bands": [ 400, 410, 420, 430, 440, 450, 460, 470, 480, 490, 500, 510, 520, 530, 540, 550, 560, 570, 580, 590, 600, 610, 620, 630, 640, 650, 660, 670, 680, 690, 700, 710, 720 ],

	"red_ssf": [ 0.004788, 0.006503, 0.014181, 0.009006, 0.007272, 0.008399, 0.012928, 0.023407, 0.042132, 0.060150, 0.079772, 0.110680, 0.129600, 0.152800, 0.174910, 0.239950, 0.271030, 0.353630, 0.592070, 0.565190, 0.505520, 0.483720, 0.404740, 0.350050, 0.268180, 0.226280, 0.172750, 0.133670, 0.060161, 0.012976, 0.002653, 0.000646, 0.000646 ],

	"green_ssf": [ 0.006334, 0.013220, 0.056945, 0.072339, 0.103350, 0.121630, 0.168630, 0.334520, 0.585490, 0.727210, 0.827910, 0.945250, 0.938560, 1.000000, 0.913510, 0.901290, 0.743930, 0.687750, 0.650430, 0.457650, 0.293860, 0.174880, 0.105170, 0.076000, 0.053159, 0.042043, 0.032367, 0.029075, 0.016249, 0.004558, 0.001087, 0.000304, 0.000304 ],

	"blue_ssf": [ 0.031083, 0.094291, 0.480830, 0.674930, 0.761730, 0.822360, 0.869690, 0.848730, 0.822070, 0.723500, 0.585390, 0.463930, 0.307060, 0.234950, 0.183210, 0.161500, 0.119780, 0.109390, 0.113670, 0.087972, 0.064425, 0.047167, 0.034519, 0.029630, 0.024397, 0.023239, 0.020503, 0.018144, 0.009073, 0.002257, 0.000492, 0.000149, 0.000149 ]

}
