{
	"camera_name": "Canon_5DMarkII",

	"ssf_bands": [ 400, 410, 420, 430, 440, 450, 460, 470, 480, 490, 500, 510, 520, 530, 540, 550, 560, 570, 580, 590, 600, 610, 620, 630, 640, 650, 660, 670, 680, 690, 700, 710, 720 ],

	"red_ssf": [ 0.001900, 0.004500, 0.010300, 0.005500, 0.003400, 0.002100, 0.002300, 0.003900, 0.007300, 0.011800, 0.017900, 0.061200, 0.087400, 0.153400, 0.168600, 0.172400, 0.200300, 0.315800, 0.451400, 0.525800, 0.598900, 0.472800, 0.408400, 0.356200, 0.292000, 0.226000, 0.170400, 0.137200, 0.042800, 0.008700, 0.001700, 0.000700, 0.000500 ],

	"green_ssf": [ 0.003600, 0.012300, 0.037700, 0.042200, 0.056500, 0.070400, 0.097000, 0.209000, 0.430000, 0.638100, 0.692000, 1.000000, 0.873500, 0.905800, 0.832600, 0.805700, 0.712000, 0.646700, 0.542600, 0.393500, 0.295800, 0.128700, 0.060000, 0.040200, 0.027600, 0.018200, 0.013800, 0.014300, 0.006100, 0.001700, 0.000800, 0.000600, 0.000500 ],

	"blue_ssf": [ 0.012700, 0.097100, 0.351600, 0.476500, 0.560000, 0.647600, 0.774500, 0.675900, 0.685800, 0.593200, 0.397100, 0.355900, 0.161700, 0.088300, 0.055100, 0.042400, 0.026900, 0.020500, 0.015900, 0.012200, 0.010000, 0.005400, 0.003600, 0.003200, 0.002900, 0.003200, 0.003200, 0.003400, 0.001300, 0.000500, 0.000400, 0.000400, 0.000400 ]

}
