{
	"camera_name": "Canon_50D",

	"ssf_bands": [ 400, 410, 420, 430, 440, 450, 460, 470, 480, 490, 500, 510, 520, 530, 540, 550, 560, 570, 580, 590, 600, 610, 620, 630, 640, 650, 660, 670, 680, 690, 700, 710, 720 ],

	"red_ssf": [ 0.002870, 0.004107, 0.011116, 0.007309, 0.006094, 0.007752, 0.011988, 0.020974, 0.040081, 0.057985, 0.078288, 0.107620, 0.123670, 0.143370, 0.161770, 0.215970, 0.245710, 0.318920, 0.471630, 0.575100, 0.524690, 0.504010, 0.413720, 0.368710, 0.274490, 0.248250, 0.182650, 0.125340, 0.038161, 0.007161, 0.001531, 0.000413, 0.000134 ],

	"green_ssf": [ 0.003843, 0.008417, 0.047190, 0.059687, 0.079310, 0.101000, 0.143690, 0.290730, 0.555340, 0.716040, 0.834150, 0.960780, 0.952310, 1.000000, 0.904760, 0.914290, 0.777170, 0.695040, 0.599410, 0.480030, 0.301010, 0.189530, 0.108260, 0.079299, 0.055709, 0.046082, 0.034120, 0.026783, 0.010069, 0.002362, 0.000624, 0.000188, 0.000076 ],

	"blue_ssf": [ 0.019794, 0.073244, 0.505420, 0.746010, 0.769970, 0.865000, 0.931310, 0.866480, 0.828170, 0.724880, 0.573220, 0.449850, 0.293980, 0.222720, 0.175350, 0.157670, 0.121880, 0.110120, 0.104810, 0.094114, 0.067215, 0.050614, 0.035484, 0.030552, 0.024250, 0.023529, 0.019692, 0.015408, 0.005309, 0.001101, 0.000281, 0.000096, 0.000056 ]

}
