{
	"camera_name": "Nikon_D3X",

	"ssf_bands": [ 400, 410, 420, 430, 440, 450, 460, 470, 480, 490, 500, 510, 520, 530, 540, 550, 560, 570, 580, 590, 600, 610, 620, 630, 640, 650, 660, 670, 680, 690, 700, 710, 720 ],

	"red_ssf": [ 0.002441, 0.007473, 0.043482, 0.041559, 0.027670, 0.024976, 0.019662, 0.025669, 0.026141, 0.024432, 0.028678, 0.032457, 0.059491, 0.070335, 0.039702, 0.018843, 0.020206, 0.073660, 0.421660, 0.655750, 0.691330, 0.542330, 0.499410, 0.368450, 0.324900, 0.246760, 0.127920, 0.019473, 0.003995, 0.001272, 0.000416, 0.000232, 0.000200 ],

	"green_ssf": [ 0.003237, 0.009472, 0.070843, 0.102740, 0.112680, 0.154450, 0.199840, 0.357890, 0.407440, 0.423110, 0.639720, 0.779500, 0.977410, 0.989320, 1.000000, 0.959980, 0.780720, 0.660260, 0.468380, 0.292210, 0.181260, 0.084093, 0.050509, 0.030548, 0.024419, 0.017637, 0.010018, 0.002053, 0.000662, 0.000350, 0.000191, 0.000157, 0.000144 ],

	"blue_ssf": [ 0.011102, 0.060390, 0.506640, 0.707040, 0.702760, 0.888340, 0.855060, 0.963140, 0.793750, 0.629570, 0.520020, 0.313290, 0.195140, 0.114090, 0.077371, 0.045768, 0.020582, 0.010729, 0.006989, 0.004395, 0.003562, 0.002165, 0.002276, 0.002349, 0.003550, 0.004849, 0.003677, 0.000746, 0.000207, 0.000117, 0.000084, 0.000082, 0.000076 ]

}
