{
	"camera_name": "Canon_600D",

	"ssf_bands": [ 400, 410, 420, 430, 440, 450, 460, 470, 480, 490, 500, 510, 520, 530, 540, 550, 560, 570, 580, 590, 600, 610, 620, 630, 640, 650, 660, 670, 680, 690, 700, 710, 720 ],

	"red_ssf": [ 0.001838, 0.003455, 0.006556, 0.006424, 0.003663, 0.003218, 0.004590, 0.007522, 0.015409, 0.022585, 0.033511, 0.053847, 0.066262, 0.082616, 0.101660, 0.153130, 0.202300, 0.295410, 0.439800, 0.530740, 0.516920, 0.505210, 0.388840, 0.342760, 0.264340, 0.220890, 0.163700, 0.130440, 0.072591, 0.021389, 0.003813, 0.000892, 0.000233 ],

	"green_ssf": [ 0.002752, 0.006357, 0.025923, 0.055392, 0.079072, 0.098383, 0.134110, 0.284240, 0.532160, 0.675040, 0.783460, 0.910320, 0.893590, 1.000000, 0.881850, 0.855260, 0.761810, 0.710160, 0.562990, 0.440080, 0.278560, 0.162130, 0.078769, 0.052859, 0.035122, 0.026057, 0.018983, 0.019220, 0.014806, 0.005949, 0.001335, 0.000350, 0.000122 ],

	"blue_ssf": [ 0.010963, 0.047664, 0.259270, 0.627800, 0.697210, 0.782110, 0.803500, 0.781220, 0.758240, 0.646090, 0.513000, 0.386660, 0.223510, 0.156690, 0.104770, 0.078029, 0.050767, 0.040953, 0.034064, 0.027857, 0.019411, 0.013821, 0.008898, 0.008142, 0.007593, 0.008422, 0.008274, 0.008391, 0.005387, 0.001816, 0.000361, 0.000120, 0.000077 ]

}
