{
	"camera_name": "Nikon_D200",

	"ssf_bands": [ 400, 410, 420, 430, 440, 450, 460, 470, 480, 490, 500, 510, 520, 530, 540, 550, 560, 570, 580, 590, 600, 610, 620, 630, 640, 650, 660, 670, 680, 690, 700, 710, 720 ],

	"red_ssf": [ 0.001819, 0.003871, 0.026824, 0.052216, 0.039840, 0.032337, 0.027643, 0.031340, 0.035330, 0.031916, 0.033112, 0.041090, 0.068408, 0.082290, 0.036978, 0.020338, 0.022651, 0.085913, 0.451740, 0.793500, 0.698440, 0.630900, 0.508950, 0.419110, 0.323360, 0.269990, 0.173510, 0.069569, 0.014055, 0.002440, 0.001063, 0.000625, 0.000378 ],

	"green_ssf": [ 0.001923, 0.002981, 0.022997, 0.066951, 0.082486, 0.107620, 0.156190, 0.266450, 0.344680, 0.382340, 0.548750, 0.760820, 0.908160, 1.000000, 0.880190, 0.920980, 0.674710, 0.566890, 0.396500, 0.274940, 0.131360, 0.064110, 0.033380, 0.021899, 0.015473, 0.012262, 0.009096, 0.005206, 0.001624, 0.000453, 0.000289, 0.000207, 0.000141 ],

	"blue_ssf": [ 0.005739, 0.019403, 0.224640, 0.640400, 0.717020, 0.844330, 0.833360, 0.843180, 0.767610, 0.596670, 0.409290, 0.240690, 0.100020, 0.041642, 0.018843, 0.009036, 0.002413, 0.001410, 0.000555, 0.000429, 0.000546, 0.000388, 0.000380, 0.000437, 0.000260, 0.000573, 0.000824, 0.000505, 0.000156, 0.000067, 0.000057, 0.000046, 0.000039 ]

}
