{
	"camera_name": "SONY_NEX-5N",

	"ssf_bands": [ 400, 410, 420, 430, 440, 450, 460, 470, 480, 490, 500, 510, 520, 530, 540, 550, 560, 570, 580, 590, 600, 610, 620, 630, 640, 650, 660, 670, 680, 690, 700, 710, 720 ],

	"red_ssf": [ 0.007364, 0.055237, 0.051835, 0.043321, 0.033681, 0.028963, 0.025000, 0.031318, 0.034458, 0.033059, 0.036819, 0.047910, 0.075209, 0.083833, 0.040534, 0.025882, 0.029435, 0.096315, 0.409810, 0.594920, 0.483060, 0.441900, 0.328390, 0.265760, 0.185490, 0.142610, 0.106790, 0.073901, 0.045969, 0.011987, 0.001902, 0.000745, 0.000242 ],

	"green_ssf": [ 0.008747, 0.075143, 0.103120, 0.129270, 0.149420, 0.191790, 0.248580, 0.376720, 0.454920, 0.509060, 0.670360, 0.858740, 0.938550, 1.000000, 0.876760, 0.858950, 0.660970, 0.545730, 0.398700, 0.291410, 0.143860, 0.086686, 0.046569, 0.032661, 0.021849, 0.016681, 0.013952, 0.012859, 0.011204, 0.003803, 0.000787, 0.000329, 0.000133 ],

	"blue_ssf": [ 0.033016, 0.352540, 0.497970, 0.601490, 0.657360, 0.783360, 0.739260, 0.776000, 0.722760, 0.613650, 0.455700, 0.305350, 0.179460, 0.122490, 0.073361, 0.044870, 0.020265, 0.012304, 0.008575, 0.006475, 0.003289, 0.002511, 0.002036, 0.002336, 0.002748, 0.003607, 0.003699, 0.003163, 0.002241, 0.000690, 0.000121, 0.000064, 0.000042 ]

}
