{
	"camera_name": "Nikon D50",

	"ssf_bands": [ 400, 405, 410, 415, 420, 425, 430, 435, 440, 445, 450, 455, 460, 465, 470, 475, 480, 485, 490, 495, 500, 505, 510, 515, 520, 525, 530, 535, 540, 545, 550, 555, 560, 565, 570, 575, 580, 585, 590, 595, 600, 605, 610, 615, 620, 625, 630, 635, 640, 645, 650, 655, 660, 665, 670, 675, 680, 685, 690, 695, 700, 705, 710, 715 ],

	"red_ssf": [ 0.020000, 0.020000, 0.020000, 0.020000, 0.020000, 0.020000, 0.020000, 0.020000, 0.020000, 0.020000, 0.010000, 0.010000, 0.010000, 0.010000, 0.020000, 0.020000, 0.020000, 0.020000, 0.020000, 0.020000, 0.020000, 0.020000, 0.030000, 0.040000, 0.060000, 0.090000, 0.100000, 0.090000, 0.060000, 0.040000, 0.030000, 0.030000, 0.030000, 0.050000, 0.090000, 0.220000, 0.430000, 0.560000, 0.600000, 0.590000, 0.540000, 0.490000, 0.450000, 0.400000, 0.350000, 0.280000, 0.240000, 0.210000, 0.180000, 0.150000, 0.120000, 0.090000, 0.080000, 0.060000, 0.050000, 0.040000, 0.020000, 0.020000, 0.010000, 0.010000, 0.010000, 0.000000, 0.000000, 0.000000 ],

	"green_ssf": [ 0.020000, 0.030000, 0.030000, 0.040000, 0.050000, 0.050000, 0.060000, 0.070000, 0.090000, 0.100000, 0.120000, 0.140000, 0.170000, 0.210000, 0.270000, 0.340000, 0.400000, 0.430000, 0.440000, 0.480000, 0.560000, 0.620000, 0.720000, 0.820000, 0.900000, 0.960000, 1.000000, 0.980000, 0.940000, 0.930000, 0.910000, 0.820000, 0.740000, 0.670000, 0.600000, 0.510000, 0.430000, 0.340000, 0.250000, 0.170000, 0.110000, 0.070000, 0.040000, 0.030000, 0.020000, 0.010000, 0.010000, 0.010000, 0.010000, 0.010000, 0.010000, 0.000000, 0.000000, 0.000000, 0.010000, 0.010000, 0.000000, 0.000000, 0.000000, 0.000000, 0.000000, 0.000000, 0.000000, 0.000000 ],

	"blue_ssf": [ 0.090000, 0.160000, 0.240000, 0.300000, 0.360000, 0.420000, 0.500000, 0.530000, 0.610000, 0.690000, 0.740000, 0.780000, 0.830000, 0.850000, 0.870000, 0.850000, 0.810000, 0.720000, 0.640000, 0.560000, 0.460000, 0.360000, 0.270000, 0.200000, 0.130000, 0.080000, 0.050000, 0.040000, 0.030000, 0.020000, 0.010000, 0.010000, 0.010000, 0.010000, 0.010000, 0.000000, 0.000000, 0.000000, 0.000000, 0.000000, 0.000000, 0.000000, 0.000000, 0.000000, 0.000000, 0.000000, 0.000000, 0.000000, 0.000000, 0.000000, 0.000000, 0.000000, 0.000000, 0.000000, 0.000000, 0.000000, 0.000000, 0.000000, 0.000000, 0.000000, 0.000000, 0.000000, 0.000000, 0.000000 ]

}
