{
	"camera_name": "Canon_1DMarkIII",

	"ssf_bands": [ 400, 410, 420, 430, 440, 450, 460, 470, 480, 490, 500, 510, 520, 530, 540, 550, 560, 570, 580, 590, 600, 610, 620, 630, 640, 650, 660, 670, 680, 690, 700, 710, 720 ],

	"red_ssf": [ 0.000583, 0.001535, 0.003265, 0.001797, 0.001133, 0.001014, 0.001236, 0.001581, 0.002316, 0.003323, 0.009983, 0.019719, 0.052282, 0.115180, 0.129910, 0.105250, 0.143340, 0.282410, 0.311530, 0.557470, 0.537700, 0.494130, 0.425270, 0.363990, 0.275630, 0.214060, 0.149960, 0.068701, 0.012535, 0.002352, 0.000503, 0.000138, 0.000044 ],

	"green_ssf": [ 0.002263, 0.009055, 0.040708, 0.047983, 0.069255, 0.098384, 0.119770, 0.169810, 0.310830, 0.461140, 0.947340, 0.839350, 0.896830, 1.000000, 0.927940, 0.877250, 0.748450, 0.638930, 0.337150, 0.321250, 0.167600, 0.082557, 0.043512, 0.029175, 0.019359, 0.013462, 0.010043, 0.006202, 0.001675, 0.000445, 0.000133, 0.000040, 0.000017 ],

	"blue_ssf": [ 0.010972, 0.083250, 0.411860, 0.570350, 0.719850, 0.761680, 0.841100, 0.825810, 0.783550, 0.629520, 0.683370, 0.306740, 0.144340, 0.072663, 0.041467, 0.022853, 0.010411, 0.006402, 0.003200, 0.003285, 0.002250, 0.001471, 0.001215, 0.001141, 0.001366, 0.001725, 0.001917, 0.001165, 0.000238, 0.000050, 0.000017, 0.000010, 0.000008 ]

}
