{
	"camera_name": "Canon_300D",

	"ssf_bands": [ 400, 410, 420, 430, 440, 450, 460, 470, 480, 490, 500, 510, 520, 530, 540, 550, 560, 570, 580, 590, 600, 610, 620, 630, 640, 650, 660, 670, 680, 690, 700, 710, 720 ],

	"red_ssf": [ 0.007430, 0.007579, 0.008304, 0.009883, 0.010432, 0.011028, 0.011930, 0.013319, 0.010750, 0.007159, 0.007603, 0.009550, 0.013374, 0.011634, 0.010348, 0.016463, 0.108100, 0.394610, 0.579600, 0.706460, 0.659660, 0.641280, 0.486160, 0.404970, 0.329960, 0.269650, 0.196450, 0.068429, 0.015261, 0.006261, 0.002577, 0.000740, 0.000183 ],

	"green_ssf": [ 0.041477, 0.058000, 0.072545, 0.100170, 0.119800, 0.162350, 0.230920, 0.369460, 0.459820, 0.509080, 0.699470, 0.847520, 0.991310, 0.995740, 0.938260, 0.880430, 0.679370, 0.578550, 0.418100, 0.298590, 0.159140, 0.083305, 0.039898, 0.025915, 0.018503, 0.012969, 0.010731, 0.004838, 0.001610, 0.000958, 0.000563, 0.000190, 0.000080 ],

	"blue_ssf": [ 0.263320, 0.429810, 0.539660, 0.698050, 0.778110, 0.957570, 0.976450, 1.000000, 0.947680, 0.846840, 0.717900, 0.495890, 0.313920, 0.172270, 0.091180, 0.041019, 0.014928, 0.009030, 0.005577, 0.004603, 0.002425, 0.002068, 0.001698, 0.001335, 0.001791, 0.001219, 0.001814, 0.000645, 0.000199, 0.000102, 0.000067, 0.000027, 0.000037 ]

}
