{
	"camera_name": "Pentax_K-5",

	"ssf_bands": [ 400, 410, 420, 430, 440, 450, 460, 470, 480, 490, 500, 510, 520, 530, 540, 550, 560, 570, 580, 590, 600, 610, 620, 630, 640, 650, 660, 670, 680, 690, 700, 710, 720 ],

	"red_ssf": [ 0.004981, 0.013240, 0.032474, 0.049510, 0.039221, 0.031842, 0.028723, 0.034804, 0.038620, 0.036058, 0.040284, 0.051897, 0.084514, 0.090879, 0.046949, 0.027348, 0.032222, 0.103060, 0.438650, 0.652690, 0.618300, 0.534630, 0.427220, 0.390990, 0.293660, 0.239010, 0.180020, 0.130610, 0.064519, 0.016309, 0.004017, 0.001706, 0.000724 ],

	"green_ssf": [ 0.005594, 0.017560, 0.060556, 0.138420, 0.160210, 0.192980, 0.254880, 0.385230, 0.463230, 0.508120, 0.672640, 0.852720, 0.979980, 1.000000, 0.912630, 0.847100, 0.698200, 0.616890, 0.437350, 0.321020, 0.191140, 0.102650, 0.060331, 0.047761, 0.033676, 0.026768, 0.023402, 0.022181, 0.015051, 0.005117, 0.001597, 0.000744, 0.000307 ],

	"blue_ssf": [ 0.019764, 0.078823, 0.289860, 0.644320, 0.699230, 0.784940, 0.779410, 0.794390, 0.728230, 0.597890, 0.444720, 0.297170, 0.183580, 0.120370, 0.075069, 0.042591, 0.020624, 0.013878, 0.009406, 0.006884, 0.004426, 0.003064, 0.002757, 0.003494, 0.004318, 0.005552, 0.006155, 0.005468, 0.003027, 0.000899, 0.000248, 0.000098, 0.000038 ]

}
