{
	"camera_name": "Nikon_D300s",

	"ssf_bands": [ 400, 410, 420, 430, 440, 450, 460, 470, 480, 490, 500, 510, 520, 530, 540, 550, 560, 570, 580, 590, 600, 610, 620, 630, 640, 650, 660, 670, 680, 690, 700, 710, 720 ],

	"red_ssf": [ 0.003457, 0.022312, 0.053258, 0.056944, 0.048574, 0.038908, 0.037569, 0.043080, 0.050700, 0.044813, 0.049355, 0.063254, 0.102220, 0.129540, 0.069134, 0.037013, 0.043618, 0.125340, 0.547820, 0.841490, 0.783180, 0.692420, 0.559250, 0.468510, 0.363220, 0.271670, 0.174010, 0.044063, 0.008677, 0.010739, 0.004208, 0.001273, 0.000517 ],

	"green_ssf": [ 0.002343, 0.012167, 0.040045, 0.064061, 0.085339, 0.104770, 0.159620, 0.260810, 0.354290, 0.369460, 0.524440, 0.756070, 0.899150, 1.000000, 0.908060, 0.862750, 0.731190, 0.591940, 0.423630, 0.273650, 0.149480, 0.073612, 0.038781, 0.024961, 0.018027, 0.012848, 0.009038, 0.002927, 0.000890, 0.001674, 0.000928, 0.000359, 0.000153 ],

	"blue_ssf": [ 0.010966, 0.108100, 0.377370, 0.580100, 0.701070, 0.789430, 0.872160, 0.867670, 0.848710, 0.681030, 0.533290, 0.377270, 0.228050, 0.154060, 0.094790, 0.054340, 0.025207, 0.013388, 0.008319, 0.002945, 0.002031, 0.001057, 0.000886, 0.001932, 0.003346, 0.004929, 0.004738, 0.001441, 0.000354, 0.000519, 0.000250, 0.000076, 0.000036 ]

}
