{
	"camera_name": "Nikon_D3",

	"ssf_bands": [ 400, 410, 420, 430, 440, 450, 460, 470, 480, 490, 500, 510, 520, 530, 540, 550, 560, 570, 580, 590, 600, 610, 620, 630, 640, 650, 660, 670, 680, 690, 700, 710, 720 ],

	"red_ssf": [ 0.002276, 0.002798, 0.033777, 0.053485, 0.040295, 0.030923, 0.026542, 0.028605, 0.033014, 0.028928, 0.031274, 0.040259, 0.061924, 0.074348, 0.038663, 0.021882, 0.025806, 0.093019, 0.466200, 0.717590, 0.672380, 0.600740, 0.489870, 0.391570, 0.301630, 0.235310, 0.156570, 0.069783, 0.014991, 0.003150, 0.001061, 0.000478, 0.000258 ],

	"green_ssf": [ 0.001637, 0.001720, 0.015367, 0.038209, 0.053617, 0.072599, 0.119850, 0.228290, 0.348290, 0.386950, 0.568130, 0.797710, 0.906160, 1.000000, 0.929020, 0.871870, 0.738080, 0.601600, 0.417350, 0.268270, 0.129380, 0.057778, 0.027126, 0.016111, 0.010360, 0.006911, 0.005091, 0.003302, 0.001195, 0.000378, 0.000210, 0.000130, 0.000091 ],

	"blue_ssf": [ 0.007214, 0.013700, 0.273240, 0.643830, 0.752080, 0.860780, 0.891240, 0.855200, 0.812830, 0.623690, 0.450500, 0.289660, 0.132960, 0.064311, 0.031574, 0.015213, 0.008040, 0.005678, 0.004247, 0.002646, 0.001653, 0.001125, 0.000719, 0.000473, 0.000400, 0.000342, 0.000359, 0.000239, 0.000137, 0.000041, 0.000044, 0.000039, 0.000038 ]

}
