{
	"camera_name": "Canon_20D",

	"ssf_bands": [ 400, 410, 420, 430, 440, 450, 460, 470, 480, 490, 500, 510, 520, 530, 540, 550, 560, 570, 580, 590, 600, 610, 620, 630, 640, 650, 660, 670, 680, 690, 700, 710, 720 ],

	"red_ssf": [ 0.001237, 0.003011, 0.011758, 0.025271, 0.010475, 0.004932, 0.003796, 0.003684, 0.005474, 0.007877, 0.014220, 0.033682, 0.066095, 0.122610, 0.131970, 0.109570, 0.135000, 0.273590, 0.434350, 0.572730, 0.584010, 0.559050, 0.456500, 0.414150, 0.311240, 0.278410, 0.199710, 0.115550, 0.020638, 0.006060, 0.001797, 0.000478, 0.000199 ],

	"green_ssf": [ 0.001769, 0.002598, 0.012201, 0.048114, 0.062590, 0.100330, 0.126500, 0.171660, 0.311690, 0.453740, 0.624000, 0.832670, 0.877690, 1.000000, 0.892330, 0.911220, 0.743530, 0.670420, 0.503500, 0.360990, 0.205830, 0.109900, 0.054814, 0.038684, 0.025423, 0.020145, 0.015219, 0.011671, 0.003024, 0.001258, 0.000474, 0.000155, 0.000087 ],

	"blue_ssf": [ 0.004222, 0.014449, 0.101980, 0.490200, 0.566970, 0.680240, 0.764520, 0.770470, 0.766530, 0.634520, 0.486360, 0.350110, 0.175350, 0.092933, 0.051083, 0.031774, 0.014149, 0.009654, 0.006942, 0.005207, 0.003176, 0.002548, 0.002204, 0.002411, 0.001900, 0.002523, 0.002817, 0.002004, 0.000451, 0.000181, 0.000105, 0.000089, 0.000082 ]

}
