{
	"camera_name": "Nikon_D90",

	"ssf_bands": [ 400, 410, 420, 430, 440, 450, 460, 470, 480, 490, 500, 510, 520, 530, 540, 550, 560, 570, 580, 590, 600, 610, 620, 630, 640, 650, 660, 670, 680, 690, 700, 710, 720 ],

	"red_ssf": [ 0.002847, 0.010062, 0.061123, 0.064116, 0.047407, 0.038726, 0.034205, 0.036572, 0.047892, 0.042438, 0.043595, 0.052616, 0.077728, 0.107530, 0.061050, 0.032554, 0.031711, 0.082284, 0.380340, 0.695150, 0.648660, 0.583390, 0.438810, 0.382770, 0.276780, 0.221400, 0.144360, 0.065292, 0.012061, 0.002325, 0.000662, 0.000330, 0.000238 ],

	"green_ssf": [ 0.002167, 0.006714, 0.052630, 0.080844, 0.095359, 0.118550, 0.174510, 0.277480, 0.377500, 0.388560, 0.530930, 0.771030, 0.871770, 1.000000, 0.920270, 0.862000, 0.693840, 0.572520, 0.389850, 0.262560, 0.133300, 0.068442, 0.032339, 0.022860, 0.014809, 0.011587, 0.008306, 0.004817, 0.001321, 0.000379, 0.000160, 0.000093, 0.000065 ],

	"blue_ssf": [ 0.009157, 0.051434, 0.446460, 0.663150, 0.711440, 0.829870, 0.901290, 0.872530, 0.832530, 0.670330, 0.510740, 0.370960, 0.207350, 0.139430, 0.085438, 0.050472, 0.022981, 0.012293, 0.007653, 0.004938, 0.002753, 0.002054, 0.001601, 0.002078, 0.002889, 0.004048, 0.003997, 0.002242, 0.000494, 0.000105, 0.000034, 0.000013, 0.000007 ]

}
