{
	"camera_name": "Olympus_E-PL2",

	"ssf_bands": [ 400, 410, 420, 430, 440, 450, 460, 470, 480, 490, 500, 510, 520, 530, 540, 550, 560, 570, 580, 590, 600, 610, 620, 630, 640, 650, 660, 670, 680, 690, 700, 710, 720 ],

	"red_ssf": [ 0.000346, 0.010199, 0.005184, 0.004961, 0.002972, 0.002523, 0.003083, 0.007056, 0.009796, 0.010551, 0.016989, 0.030186, 0.062365, 0.069585, 0.040168, 0.030826, 0.037897, 0.135470, 0.567300, 0.922480, 0.953130, 1.000000, 0.954020, 0.953510, 0.872760, 0.465240, 0.105830, 0.026156, 0.006296, 0.002528, 0.001483, 0.000653, 0.000277 ],

	"green_ssf": [ 0.000388, 0.034473, 0.034483, 0.047572, 0.056008, 0.081198, 0.135540, 0.251740, 0.346800, 0.409550, 0.549960, 0.734270, 0.939040, 0.994450, 0.909070, 0.882200, 0.748520, 0.676500, 0.507130, 0.344550, 0.196990, 0.132790, 0.137310, 0.135740, 0.086111, 0.048309, 0.013992, 0.004870, 0.001532, 0.000804, 0.000588, 0.000309, 0.000192 ],

	"blue_ssf": [ 0.000660, 0.374470, 0.433690, 0.594310, 0.590360, 0.671100, 0.718710, 0.782970, 0.727190, 0.634050, 0.508820, 0.337970, 0.216160, 0.128590, 0.088313, 0.063650, 0.037555, 0.030433, 0.025461, 0.021100, 0.014922, 0.013021, 0.050514, 0.057400, 0.024004, 0.018470, 0.005968, 0.001873, 0.000470, 0.000294, 0.000243, 0.000203, 0.000157 ]

}
