{
	"camera_name": "Canon_40D",

	"ssf_bands": [ 400, 410, 420, 430, 440, 450, 460, 470, 480, 490, 500, 510, 520, 530, 540, 550, 560, 570, 580, 590, 600, 610, 620, 630, 640, 650, 660, 670, 680, 690, 700, 710, 720 ],

	"red_ssf": [ 0.000613, 0.000543, 0.001766, 0.002575, 0.001956, 0.002046, 0.002593, 0.004645, 0.009660, 0.013702, 0.020040, 0.034680, 0.058077, 0.114700, 0.127680, 0.111410, 0.133500, 0.249220, 0.372190, 0.506840, 0.514870, 0.494910, 0.394930, 0.360690, 0.283280, 0.236480, 0.173850, 0.139890, 0.093123, 0.027774, 0.005027, 0.001269, 0.000540 ],

	"green_ssf": [ 0.002233, 0.002528, 0.015147, 0.039169, 0.056590, 0.070041, 0.086096, 0.187520, 0.446220, 0.630390, 0.760140, 0.935330, 0.918040, 1.000000, 0.862690, 0.864910, 0.756100, 0.671910, 0.523690, 0.412200, 0.245920, 0.128070, 0.058790, 0.037918, 0.024125, 0.016853, 0.011789, 0.012027, 0.011431, 0.004833, 0.001180, 0.000364, 0.000157 ],

	"blue_ssf": [ 0.009576, 0.019397, 0.200480, 0.636180, 0.744020, 0.827300, 0.891430, 0.861810, 0.841410, 0.728150, 0.555430, 0.426020, 0.236530, 0.146480, 0.089427, 0.065516, 0.040818, 0.031477, 0.025019, 0.020957, 0.014040, 0.009348, 0.006065, 0.005777, 0.005432, 0.006098, 0.005972, 0.006020, 0.004393, 0.001435, 0.000280, 0.000089, 0.000052 ]

}
