{
	"camera_name": "Nikon_D5100",

	"ssf_bands": [ 400, 410, 420, 430, 440, 450, 460, 470, 480, 490, 500, 510, 520, 530, 540, 550, 560, 570, 580, 590, 600, 610, 620, 630, 640, 650, 660, 670, 680, 690, 700, 710, 720 ],

	"red_ssf": [ 0.000971, 0.001340, 0.004856, 0.048817, 0.044511, 0.035356, 0.030637, 0.036642, 0.041505, 0.040010, 0.043407, 0.056477, 0.089490, 0.104030, 0.055194, 0.032069, 0.035018, 0.099778, 0.474620, 0.737810, 0.680910, 0.549740, 0.457540, 0.373410, 0.286830, 0.204560, 0.148020, 0.086178, 0.028748, 0.006238, 0.001627, 0.000570, 0.000239 ],

	"green_ssf": [ 0.001995, 0.002365, 0.009091, 0.116870, 0.156890, 0.187950, 0.236700, 0.356420, 0.433390, 0.499410, 0.648470, 0.834760, 0.944070, 1.000000, 0.899840, 0.822350, 0.668980, 0.561470, 0.430280, 0.313990, 0.182730, 0.092760, 0.055687, 0.039461, 0.028244, 0.019985, 0.016292, 0.012224, 0.005623, 0.001666, 0.000557, 0.000233, 0.000111 ],

	"blue_ssf": [ 0.003985, 0.007560, 0.047137, 0.642130, 0.807990, 0.907240, 0.874030, 0.893360, 0.817280, 0.714210, 0.528920, 0.361560, 0.218740, 0.146990, 0.091140, 0.052706, 0.025948, 0.016190, 0.011749, 0.008396, 0.005185, 0.003201, 0.002778, 0.003114, 0.004006, 0.004674, 0.004914, 0.003558, 0.001367, 0.000362, 0.000120, 0.000058, 0.000033 ]

}
