{
	"camera_name": "Nikon_D40",

	"ssf_bands": [ 400, 410, 420, 430, 440, 450, 460, 470, 480, 490, 500, 510, 520, 530, 540, 550, 560, 570, 580, 590, 600, 610, 620, 630, 640, 650, 660, 670, 680, 690, 700, 710, 720 ],

	"red_ssf": [ 0.024961, 0.021143, 0.016001, 0.013401, 0.010463, 0.008706, 0.008614, 0.013979, 0.016986, 0.015455, 0.020048, 0.036633, 0.074621, 0.096479, 0.051559, 0.031727, 0.035235, 0.110610, 0.450530, 0.675080, 0.574880, 0.500650, 0.375590, 0.301170, 0.213770, 0.155300, 0.114820, 0.078742, 0.050859, 0.035537, 0.022129, 0.015214, 0.009847 ],

	"green_ssf": [ 0.034887, 0.049370, 0.064249, 0.086794, 0.101020, 0.130990, 0.182920, 0.292100, 0.385570, 0.427250, 0.552150, 0.788890, 0.882580, 1.000000, 0.903700, 0.875390, 0.697890, 0.574960, 0.386780, 0.265820, 0.118450, 0.048996, 0.019448, 0.010674, 0.005968, 0.003497, 0.002852, 0.003136, 0.003455, 0.003887, 0.003550, 0.002904, 0.001832 ],

	"blue_ssf": [ 0.240550, 0.405440, 0.525550, 0.675950, 0.718950, 0.828010, 0.828710, 0.797400, 0.717000, 0.553030, 0.363490, 0.217810, 0.085666, 0.035779, 0.018275, 0.011220, 0.005917, 0.003764, 0.003394, 0.002931, 0.001756, 0.001092, 0.000746, 0.000569, 0.000728, 0.000592, 0.000524, 0.000542, 0.000457, 0.000349, 0.000279, 0.000227, 0.000172 ]

}
