{
	"camera_name": "Nikon_D50",

	"ssf_bands": [ 400, 410, 420, 430, 440, 450, 460, 470, 480, 490, 500, 510, 520, 530, 540, 550, 560, 570, 580, 590, 600, 610, 620, 630, 640, 650, 660, 670, 680, 690, 700, 710, 720 ],

	"red_ssf": [ 0.030947, 0.020803, 0.015320, 0.012161, 0.010524, 0.008952, 0.009215, 0.012548, 0.017491, 0.015130, 0.018700, 0.031169, 0.057046, 0.091871, 0.055080, 0.030477, 0.029048, 0.078283, 0.361760, 0.626730, 0.582720, 0.504660, 0.371920, 0.321530, 0.232190, 0.180520, 0.120250, 0.089647, 0.063347, 0.044492, 0.028755, 0.020863, 0.013428 ],

	"green_ssf": [ 0.037561, 0.041006, 0.051260, 0.068434, 0.090222, 0.114070, 0.168320, 0.255560, 0.384310, 0.398320, 0.510160, 0.719380, 0.825270, 1.000000, 0.915950, 0.895100, 0.735800, 0.627850, 0.440290, 0.294590, 0.141200, 0.054981, 0.019834, 0.011132, 0.006313, 0.003865, 0.002701, 0.003250, 0.004078, 0.004806, 0.004563, 0.004048, 0.002517 ],

	"blue_ssf": [ 0.271390, 0.359290, 0.448430, 0.575820, 0.682630, 0.776890, 0.850430, 0.792440, 0.766170, 0.572930, 0.392910, 0.245890, 0.101500, 0.045772, 0.023081, 0.012789, 0.006206, 0.004057, 0.003031, 0.002014, 0.001341, 0.000704, 0.000506, 0.000429, 0.000406, 0.000526, 0.000583, 0.000545, 0.000474, 0.000364, 0.000269, 0.000193, 0.000096 ]

}
